scenario,trial,malicious_percent,total_requests,malicious_requests,valid_requests,baseline_average_time_ms,act_average_time_ms,baseline_total_time_ms,act_total_time_ms,baseline_mldsa_verify,act_mldsa_verify,baseline_kem_total,act_kem_total,baseline_kem_keygen,act_kem_keygen,baseline_kem_encapsulate,act_kem_encapsulate,baseline_kem_decapsulate,act_kem_decapsulate,baseline_rejected,act_rejected,baseline_rejection_latency_ms,act_rejection_latency_ms,baseline_throughput,act_throughput,baseline_process_cpu_percent,act_process_cpu_percent,mldsa_avoided_percent,kem_avoided_percent
v2v,1,0,1000,0,1000,5.618290,5.585444,5618.290500,5585.443599,3000,3000,3000,3000,1000,1000,1000,1000,1000,1000,0,0,,,177.916838,178.962638,98.410251,98.709080,0.000000,0.000000
v2v,2,0,1000,0,1000,5.805018,6.103376,5805.017599,6103.376202,3000,3000,3000,3000,1000,1000,1000,1000,1000,1000,0,0,,,172.164775,163.768164,95.228641,92.375480,0.000000,0.000000
v2v,3,0,1000,0,1000,6.345786,5.567958,6345.786099,5567.958303,3000,3000,3000,3000,1000,1000,1000,1000,1000,1000,0,0,,,157.509148,179.525275,91.059976,99.019410,0.000000,0.000000
v2v,4,0,1000,0,1000,10.036118,5.575585,10036.117800,5575.584603,3000,3000,3000,3000,1000,1000,1000,1000,1000,1000,0,0,,,99.602955,179.277070,59.450514,98.322268,0.000000,0.000000
v2v,5,0,1000,0,1000,5.493383,5.564848,5493.383300,5564.847598,3000,3000,3000,3000,1000,1000,1000,1000,1000,1000,0,0,,,181.956849,179.625474,99.223344,98.513346,0.000000,0.000000
v2v,6,0,1000,0,1000,5.794608,5.929658,5794.608497,5929.657602,3000,3000,3000,3000,1000,1000,1000,1000,1000,1000,0,0,,,172.503668,168.563918,94.337943,95.080585,0.000000,0.000000
v2v,7,0,1000,0,1000,5.476229,5.587119,5476.228503,5587.118599,3000,3000,3000,3000,1000,1000,1000,1000,1000,1000,0,0,,,182.525095,178.907990,98.962825,98.678938,0.000000,0.000000
v2v,8,0,1000,0,1000,5.513189,5.593271,5513.188900,5593.271400,3000,3000,3000,3000,1000,1000,1000,1000,1000,1000,0,0,,,181.299454,178.710286,98.581578,99.128362,0.000000,0.000000
v2v,9,0,1000,0,1000,5.554060,5.622853,5554.059600,5622.853301,3000,3000,3000,3000,1000,1000,1000,1000,1000,1000,0,0,,,179.968654,177.766543,98.701559,98.327119,0.000000,0.000000
v2v,10,0,1000,0,1000,6.308438,6.757340,6308.438200,6757.339501,3000,3000,3000,3000,1000,1000,1000,1000,1000,1000,0,0,,,158.439608,147.884504,88.379594,84.571451,0.000000,0.000000
v2v,1,10,1000,100,900,5.478076,5.202188,5478.076400,5202.187701,3000,2700,3000,2700,1000,900,1000,900,1000,900,0,100,,0.036450,182.469205,192.113270,98.362306,99.058405,10.000000,10.000000
v2v,2,10,1000,100,900,5.778552,5.286959,5778.551700,5286.958998,3000,2700,3000,2700,1000,900,1000,900,1000,900,0,100,,0.036434,172.977162,189.052002,98.651038,97.184545,10.000000,10.000000
v2v,3,10,1000,100,900,5.730437,5.523112,5730.437301,5523.112500,3000,2700,3000,2700,1000,900,1000,900,1000,900,0,100,,0.041114,174.431396,180.947842,98.662758,94.997617,10.000000,10.000000
v2v,4,10,1000,100,900,5.559623,5.008490,5559.622700,5008.489599,3000,2700,3000,2700,1000,900,1000,900,1000,900,0,100,,0.033720,179.789367,199.567083,99.165073,98.536247,10.000000,10.000000
v2v,5,10,1000,100,900,5.558696,5.036629,5558.696201,5036.629301,3000,2700,3000,2700,1000,900,1000,900,1000,900,0,100,,0.033171,179.823537,198.454850,98.902945,99.537511,10.000000,10.000000
v2v,6,10,1000,100,900,5.542506,5.043302,5542.505800,5043.302299,3000,2700,3000,2700,1000,900,1000,900,1000,900,0,100,,0.036586,180.346902,198.185638,98.909004,98.473489,10.000000,10.000000
v2v,7,10,1000,100,900,7.121857,8.251408,7121.856801,8251.407698,3000,2700,3000,2700,1000,900,1000,900,1000,900,0,100,,0.077123,140.241591,121.117419,81.734552,66.614581,10.000000,10.000000
v2v,8,10,1000,100,900,7.888587,7.171353,7888.586901,7171.352999,3000,2700,3000,2700,1000,900,1000,900,1000,900,0,100,,0.065975,126.689910,139.368077,77.201664,76.870205,10.000000,10.000000
v2v,9,10,1000,100,900,7.776963,7.477207,7776.962898,7477.206900,3000,2700,3000,2700,1000,900,1000,900,1000,900,0,100,,0.059680,128.484181,133.660738,76.287482,73.304561,10.000000,10.000000
v2v,10,10,1000,100,900,6.651025,6.488294,6651.025001,6488.294004,3000,2700,3000,2700,1000,900,1000,900,1000,900,0,100,,0.045909,150.263019,154.005711,87.575166,82.056168,10.000000,10.000000
v2v,1,20,1000,200,800,9.043920,7.721726,9043.919501,7721.726201,3000,2400,3000,2400,1000,800,1000,800,1000,800,0,200,,0.049535,110.518754,129.427781,67.865422,66.129507,20.000000,20.000000
v2v,2,20,1000,200,800,7.815390,5.812820,7815.389699,5812.819802,3000,2400,3000,2400,1000,800,1000,800,1000,800,0,200,,0.044250,127.876379,171.923417,76.925634,85.693078,20.000000,20.000000
v2v,3,20,1000,200,800,7.110847,6.353558,7110.847499,6353.558102,3000,2400,3000,2400,1000,800,1000,800,1000,800,0,200,,0.054607,140.556468,157.297575,83.894642,75.207903,20.000000,20.000000
v2v,4,20,1000,200,800,7.670085,6.183425,7670.084900,6183.425100,3000,2400,3000,2400,1000,800,1000,800,1000,800,0,200,,0.058163,130.298825,161.614106,77.975703,77.019222,20.000000,20.000000
v2v,5,20,1000,200,800,8.463382,7.109108,8463.382301,7109.107697,3000,2400,3000,2400,1000,800,1000,800,1000,800,0,200,,0.074819,118.094778,140.422164,71.779482,68.016986,20.000000,20.000000
v2v,6,20,1000,200,800,8.600080,7.801367,8600.080098,7801.367401,3000,2400,3000,2400,1000,800,1000,800,1000,800,0,200,,0.046308,116.207937,128.106504,69.180037,65.654583,20.000000,20.000000
v2v,7,20,1000,200,800,10.756489,6.051506,10756.488599,6051.505700,3000,2400,3000,2400,1000,800,1000,800,1000,800,0,200,,0.046388,92.860574,165.126711,59.343711,78.951209,20.000000,20.000000
v2v,8,20,1000,200,800,6.918525,5.214037,6918.524999,5214.036903,3000,2400,3000,2400,1000,800,1000,800,1000,800,0,200,,0.041158,144.467072,191.655577,85.551594,87.742319,20.000000,20.000000
v2v,9,20,1000,200,800,6.445646,4.832921,6445.645500,4832.920800,3000,2400,3000,2400,1000,800,1000,800,1000,800,0,200,,0.038193,155.060454,206.790397,87.221505,94.994339,20.000000,20.000000
v2v,10,20,1000,200,800,5.579627,4.685778,5579.627301,4685.778200,3000,2400,3000,2400,1000,800,1000,800,1000,800,0,200,,0.034822,179.144329,213.286649,98.809294,96.978773,20.000000,20.000000
v2v,1,40,1000,400,600,5.573736,3.702896,5573.735798,3702.895502,3000,1800,3000,1800,1000,600,1000,600,1000,600,0,400,,0.034948,179.329850,269.881539,98.071012,92.350089,40.000000,40.000000
v2v,2,40,1000,400,600,5.574965,3.361104,5574.965001,3361.103599,3000,1800,3000,1800,1000,600,1000,600,1000,600,0,400,,0.032738,179.294864,297.332582,98.612175,98.491418,40.000000,40.000000
v2v,3,40,1000,400,600,5.471342,3.634666,5471.341700,3634.665999,3000,1800,3000,1800,1000,600,1000,600,1000,600,0,400,,0.032803,182.687983,274.949313,99.336591,94.513826,40.000000,40.000000
v2v,4,40,1000,400,600,7.096266,4.176882,7096.265598,4176.881699,3000,1800,3000,1800,1000,600,1000,600,1000,600,0,400,,0.045763,140.847155,239.242800,82.087483,85.230248,40.000000,40.000000
v2v,5,40,1000,400,600,11.111302,6.460545,11111.301899,6460.545201,3000,1800,3000,1800,1000,600,1000,600,1000,600,0,400,,0.044093,89.952495,154.662199,56.782513,53.890110,40.000000,40.000000
v2v,6,40,1000,400,600,9.650803,6.759654,9650.802601,6759.654198,3000,1800,3000,1800,1000,600,1000,600,1000,600,0,400,,0.060749,103.571465,147.853956,64.084844,58.910561,40.000000,40.000000
v2v,7,40,1000,400,600,9.882468,5.294345,9882.468303,5294.344503,3000,1800,3000,1800,1000,600,1000,600,1000,600,0,400,,0.046229,101.099131,188.689135,62.713054,70.758426,40.000000,40.000000
v2v,8,40,1000,400,600,7.301108,4.009877,7301.107901,4009.877399,3000,1800,3000,1800,1000,600,1000,600,1000,600,0,400,,0.086628,136.891173,249.246851,79.567994,84.120812,40.000000,40.000000
v2v,9,40,1000,400,600,7.711675,3.910626,7711.674999,3910.626100,3000,1800,3000,1800,1000,600,1000,600,1000,600,0,400,,0.040660,129.599751,255.511315,76.139854,89.428960,40.000000,40.000000
v2v,10,40,1000,400,600,7.043283,6.400158,7043.282502,6400.158403,3000,1800,3000,1800,1000,600,1000,600,1000,600,0,400,,0.044413,141.915090,156.020871,82.931631,59.482957,40.000000,40.000000
v2v,1,60,1000,600,400,6.128590,3.175508,6128.589698,3175.508499,3000,1200,3000,1200,1000,400,1000,400,1000,400,0,600,,0.047001,163.095583,314.639272,90.467081,75.710075,60.000000,60.000000
v2v,2,60,1000,600,400,5.477997,2.267268,5477.996800,2267.267800,3000,1200,3000,1200,1000,400,1000,400,1000,400,0,600,,0.032051,182.463828,440.661648,97.789208,97.771803,60.000000,60.000000
v2v,3,60,1000,600,400,5.621620,2.303223,5621.619600,2303.223098,3000,1200,3000,1200,1000,400,1000,400,1000,400,0,600,,0.031091,177.805190,433.809818,96.681572,99.640693,60.000000,60.000000
v2v,4,60,1000,600,400,5.506441,2.205375,5506.441201,2205.374700,3000,1200,3000,1200,1000,400,1000,400,1000,400,0,600,,0.030612,181.525045,453.022003,97.569712,98.390716,60.000000,60.000000
v2v,5,60,1000,600,400,5.536753,2.239027,5536.753099,2239.027498,3000,1200,3000,1200,1000,400,1000,400,1000,400,0,600,,0.030375,180.529888,446.235813,98.163126,99.705815,60.000000,60.000000
v2v,6,60,1000,600,400,5.490362,2.327014,5490.362198,2327.013998,3000,1200,3000,1200,1000,400,1000,400,1000,400,0,600,,0.032617,182.057508,429.323001,98.424840,97.268493,60.000000,60.000000
v2v,7,60,1000,600,400,5.732402,2.238828,5732.402302,2238.827598,3000,1200,3000,1200,1000,400,1000,400,1000,400,0,600,,0.030382,174.351275,446.279367,98.889864,99.715546,60.000000,60.000000
v2v,8,60,1000,600,400,5.507889,2.276690,5507.888998,2276.690500,3000,1200,3000,1200,1000,400,1000,400,1000,400,0,600,,0.030678,181.479590,438.858690,98.679527,98.743205,60.000000,60.000000
v2v,9,60,1000,600,400,5.575861,2.418096,5575.860603,2418.096399,3000,1200,3000,1200,1000,400,1000,400,1000,400,0,600,,0.032521,179.264941,413.139198,99.155920,92.310790,60.000000,60.000000
v2v,10,60,1000,600,400,5.529477,2.265691,5529.477199,2265.691399,3000,1200,3000,1200,1000,400,1000,400,1000,400,0,600,,0.030401,180.771286,440.983508,98.859297,99.221289,60.000000,60.000000
v2v,1,80,1000,800,200,5.496480,1.119599,5496.480299,1119.599002,3000,600,3000,600,1000,200,1000,200,1000,200,0,800,,0.029302,181.854840,891.824140,99.167718,97.543265,80.000000,80.000000
v2v,2,80,1000,800,200,5.615387,1.155018,5615.386600,1155.018397,3000,600,3000,600,1000,200,1000,200,1000,200,0,800,,0.030062,177.993560,864.475262,98.452688,98.604210,80.000000,80.000000
v2v,3,80,1000,800,200,5.584262,1.114870,5584.262299,1114.870100,3000,600,3000,600,1000,200,1000,200,1000,200,0,800,,0.029239,178.999397,895.649249,97.610609,97.961637,80.000000,80.000000
v2v,4,80,1000,800,200,5.495884,1.142218,5495.883900,1142.217501,3000,600,3000,600,1000,200,1000,200,1000,200,0,800,,0.029223,181.876816,874.149562,99.748066,96.975967,80.000000,80.000000
v2v,5,80,1000,800,200,5.550387,1.111594,5550.386899,1111.593701,3000,600,3000,600,1000,200,1000,200,1000,200,0,800,,0.029990,180.090206,898.270909,98.768223,99.651929,80.000000,80.000000
v2v,6,80,1000,800,200,5.511745,1.142009,5511.744500,1142.008799,3000,600,3000,600,1000,200,1000,200,1000,200,0,800,,0.030069,181.353186,874.350500,99.460888,99.730604,80.000000,80.000000
v2v,7,80,1000,800,200,5.510624,1.097685,5510.623700,1097.684700,3000,600,3000,600,1000,200,1000,200,1000,200,0,800,,0.029336,181.387791,909.601526,99.196448,99.487667,80.000000,80.000000
v2v,8,80,1000,800,200,5.565606,1.120597,5565.605897,1120.597001,3000,600,3000,600,1000,200,1000,200,1000,200,0,800,,0.029856,179.597037,891.016398,98.217129,98.847132,80.000000,80.000000
v2v,9,80,1000,800,200,5.498055,1.139145,5498.055299,1139.145200,3000,600,3000,600,1000,200,1000,200,1000,200,0,800,,0.029475,181.803694,876.605734,98.855758,99.987841,80.000000,80.000000
v2v,10,80,1000,800,200,5.474230,1.113717,5474.230301,1113.717298,3000,600,3000,600,1000,200,1000,200,1000,200,0,800,,0.029149,182.594911,896.544502,98.144764,99.460406,80.000000,80.000000
v2v,1,90,1000,900,100,5.604041,0.560681,5604.041201,560.681498,3000,300,3000,300,1000,100,1000,100,1000,100,0,900,,0.028728,178.360431,1778.583120,97.540861,100.045301,90.000000,90.000000
v2v,2,90,1000,900,100,5.490656,0.574725,5490.656101,574.725301,3000,300,3000,300,1000,100,1000,100,1000,100,0,900,,0.028819,182.049809,1735.179356,99.274036,100.315057,90.000000,90.000000
v2v,3,90,1000,900,100,5.470081,0.591724,5470.081099,591.723898,3000,300,3000,300,1000,100,1000,100,1000,100,0,900,,0.028630,182.734529,1685.616366,98.219809,100.083472,90.000000,90.000000
v2v,4,90,1000,900,100,5.506648,0.590988,5506.647700,590.988400,3000,300,3000,300,1000,100,1000,100,1000,100,0,900,,0.028461,181.521058,1687.540986,99.552955,97.560963,90.000000,90.000000
v2v,5,90,1000,900,100,5.558823,0.569192,5558.822700,569.191700,3000,300,3000,300,1000,100,1000,100,1000,100,0,900,,0.029121,179.819420,1752.087349,99.462617,101.292550,90.000000,90.000000
v2v,6,90,1000,900,100,5.527204,0.582378,5527.204100,582.377702,3000,300,3000,300,1000,100,1000,100,1000,100,0,900,,0.028609,180.846431,1712.205336,99.182965,101.662192,90.000000,90.000000
v2v,7,90,1000,900,100,5.488216,0.871003,5488.215699,871.002698,3000,300,3000,300,1000,100,1000,100,1000,100,0,900,,0.030544,182.119288,1145.851154,99.027363,66.244520,90.000000,90.000000
v2v,8,90,1000,900,100,5.499748,0.600113,5499.747501,600.112801,3000,300,3000,300,1000,100,1000,100,1000,100,0,900,,0.028875,181.749008,1661.794838,99.110006,96.072514,90.000000,90.000000
v2v,9,90,1000,900,100,5.598841,0.575105,5598.840801,575.105500,3000,300,3000,300,1000,100,1000,100,1000,100,0,900,,0.028030,178.529649,1734.348459,98.470260,97.557101,90.000000,90.000000
v2v,10,90,1000,900,100,5.480772,0.570509,5480.771799,570.509199,3000,300,3000,300,1000,100,1000,100,1000,100,0,900,,0.028875,182.377327,1747.842900,98.597743,95.585159,90.000000,90.000000
