scenario,vehicles,rsus,trial,requests_per_trial,average_latency_ms,throughput_requests_per_sec,process_cpu_percent,successful_authentications,failed_authentications
v2v,5,2,1,100,11.205123000545427,89.23044718367129,76.6824155484675,100,0
v2v,5,2,2,100,7.442912001861259,134.33211952387146,96.5512109077826,100,0
v2v,5,2,3,100,7.559898998588324,132.25718308276424,95.0598503407368,100,0
v2v,5,2,4,100,7.112181001575664,140.58048211319127,96.64908145281899,100,0
v2v,5,2,5,100,8.292311002733186,120.56896978362992,82.89116672624557,100,0
v2v,5,2,6,100,11.634956998750567,85.93309592859322,65.79252657032917,100,0
v2v,5,2,7,100,11.639805008890107,85.895355573951,60.395171887934296,100,0
v2v,5,2,8,100,8.487602001987398,117.79538400273594,88.34653800205196,100,0
v2v,5,2,9,100,9.444480997044593,105.86158788797447,81.05027822673046,100,0
v2v,5,2,10,100,7.394831998972222,135.18482468957438,88.71504120253319,100,0
v2v,10,2,1,100,11.136885996675119,89.78012219103708,65.93227723404284,100,0
v2v,10,2,2,100,7.348724998300895,136.05449581512025,99.91502036422894,100,0
v2v,10,2,3,100,7.37494400003925,135.57187810854015,99.56059798595918,100,0
v2v,10,2,4,100,7.469408998731524,133.85723269444014,94.11836673827824,100,0
v2v,10,2,5,100,7.205683002248406,138.75628028790788,99.73107645693379,100,0
v2v,10,2,6,100,7.485873001860455,133.56220553002242,91.82401630189042,100,0
v2v,10,2,7,100,7.435102999443188,134.4765272572402,100.85739544293017,100,0
v2v,10,2,8,100,7.509008999913931,133.15112932531434,97.78286059827772,100,0
v2v,10,2,9,100,7.245328999124467,137.996340053121,99.1848694131807,100,0
v2v,10,2,10,100,7.033970000920817,142.14412760048052,97.72408772533035,100,0
v2v,20,2,1,100,7.3114449984859675,136.74996744569802,96.15232086025642,100,0
v2v,20,2,2,100,7.587195998057723,131.77511892592926,98.83133919444695,100,0
v2v,20,2,3,100,7.0939559990074486,140.93912245761177,96.89564668960809,100,0
v2v,20,2,4,100,7.378517996985465,135.50666143515474,97.39541290651748,100,0
v2v,20,2,5,100,7.126048002392054,140.30641236854942,94.26837081011914,100,0
v2v,20,2,6,100,7.05218700109981,141.77694433147389,93.04111971752974,100,0
v2v,20,2,7,100,7.1736849984154105,139.37672679222382,100.17702238191086,100,0
v2v,20,2,8,100,7.315509996842593,136.67350626195105,93.96303555509135,100,0
v2v,20,2,9,100,7.2460680024232715,137.98451536836714,97.02036236838315,100,0
v2v,20,2,10,100,7.135900999419391,140.09239933867568,96.31352454533952,100,0
v2v,50,2,1,100,7.584571000188589,131.82485274783264,94.74911291250471,100,0
v2v,50,2,2,100,7.317578000947833,136.63492501527017,96.07143165136183,100,0
v2v,50,2,3,100,7.4178860045503825,134.78669331752644,90.55980957271306,100,0
v2v,50,2,4,100,7.594383996911347,131.6546314483773,88.4554555043785,100,0
v2v,50,2,5,100,7.557127997279167,132.3036755522084,90.95877694214329,100,0
v2v,50,2,6,100,7.654039995977655,130.62869238934147,89.80722601767226,100,0
v2v,50,2,7,100,7.469291997840628,133.85760897129666,96.21015644811946,100,0
v2v,50,2,8,100,7.451064998749644,134.18753540616436,96.44729107318064,100,0
v2v,50,2,9,100,7.493309004930779,133.40832659187504,95.88723473791019,100,0
v2v,50,2,10,100,7.632080999901518,131.00603729281087,96.20755863690799,100,0
v2v,100,2,1,100,7.733020996674895,129.2937985717941,94.9501333261613,100,0
v2v,100,2,2,100,7.406376998405904,134.99687280820388,97.02900233089655,100,0
v2v,100,2,3,100,7.318383000092581,136.61980470900787,98.19548463459941,100,0
v2v,100,2,4,100,9.479939999291673,105.46713132120787,79.10034849090592,100,0
v2v,100,2,5,100,7.929799999110401,126.08434110530605,94.56325582897954,100,0
v2v,100,2,6,100,7.3057649994734675,136.85544505680468,96.22648480556579,100,0
v2v,100,2,7,100,7.2267739998642355,138.2657137943285,97.21808001163723,100,0
v2v,100,2,8,100,7.306843999540433,136.83591307109026,96.21275137811034,100,0
v2v,100,2,9,100,7.46665499988012,133.90616605454596,94.15277300710262,100,0
v2v,100,2,10,100,7.6210150006227195,131.1792304538931,94.28507188873566,100,0
