scenario,vehicles,rsus,trial,total_authentications,successful_authentications,failed_authentications,average_latency_ms,median_latency_ms,total_authentication_time_ms,throughput_requests_per_sec,process_cpu_percent
network-wide,5,2,1,9,9,0,10.707500015592409,9.507899987511337,96.36750014033169,93.36244855953784,97.25255058285191
network-wide,5,2,2,9,9,0,12.404822239962717,12.731799972243607,111.64340015966445,80.59222756300981,69.95853087066824
network-wide,5,2,3,9,9,0,10.759122229905593,10.218999930657446,96.83210006915033,92.91550269072293,48.39349098475152
network-wide,5,2,4,9,9,0,10.93896665972554,8.21539992466569,98.45069993752986,91.39217712306208,47.60009225159484
network-wide,5,2,5,9,9,0,9.902522226588594,10.619599954225123,89.12270003929734,100.95435516153873,87.63398885550237
network-wide,5,2,6,9,9,0,10.376044432632625,8.177099982276559,93.38439989369363,96.34922099011541,16.727295310783926
network-wide,5,2,7,9,9,0,10.359588868191672,10.042499983683228,93.23629981372505,96.50180939524229,100.52271812004405
network-wide,5,2,8,9,9,0,8.291888930317429,7.971700048074126,74.62700037285686,120.56230263182056,104.65477659012201
network-wide,5,2,9,9,9,0,8.641511124248305,7.544600055553019,77.77360011823475,115.68227482876776,60.251184806649874
network-wide,5,2,10,9,9,0,9.963499977149898,7.922100019641221,89.67149979434907,100.34205496130662,104.52297391802772
network-wide,10,2,1,19,19,0,8.688063152428521,7.683200063183904,165.0731998961419,115.07277749926105,85.1689965043873
network-wide,10,2,2,19,19,0,7.83889999270047,6.595600047148764,148.93909986130893,127.53389711918697,94.3918646441351
network-wide,10,2,3,19,19,0,8.126905255362784,7.659499999135733,154.4111998518929,123.01890993757803,91.05018005248374
network-wide,10,2,4,19,19,0,8.087973686327276,8.026800001971424,153.67150004021823,123.6110027054164,81.32302809566868
network-wide,10,2,5,19,19,0,8.549589467676062,7.570400019176304,162.44219988584518,116.93581387792139,67.31502443630343
network-wide,10,2,6,19,19,0,8.222278942795176,8.519800030626357,156.22329991310835,121.59159561550852,79.99447079967666
network-wide,10,2,7,19,19,0,8.941694744862616,8.374599972739816,169.8922001523897,111.80581101567095,91.94556826946624
network-wide,10,2,8,19,19,0,8.023857898814114,6.906300084665418,152.45330007746816,124.59964168134645,102.46681059321254
network-wide,10,2,9,19,19,0,7.853968418203294,7.373399916104972,149.2253999458626,127.29124235659737,104.68029799062283
network-wide,10,2,10,19,19,0,7.663168423613043,7.024699938483536,145.60020004864782,130.44594663772557,85.81970173534576
network-wide,20,2,1,39,39,0,7.182058976748242,6.903299945406616,280.10030009318143,139.19955972565467,100.38429787907788
network-wide,20,2,2,39,39,0,7.483846155735544,7.037900038994849,291.87000007368624,133.59142741035177,96.33997169015753
network-wide,20,2,3,39,39,0,8.754825640398149,8.364600013010204,341.4381999755278,114.19265352131681,77.7754451066661
network-wide,20,2,4,39,39,0,7.4926076952415785,6.9339999463409185,292.21170011442155,133.43405891975516,96.22648479790035
network-wide,20,2,5,39,39,0,9.356541021798666,6.99749996419996,364.90509985014796,106.85821504270749,68.49885579660736
network-wide,20,2,6,39,39,0,7.89390256604514,7.186300004832447,307.8622000757605,126.65479355972684,86.26328087000627
network-wide,20,2,7,39,39,0,9.244861531978808,7.473699981346726,360.5495997471735,108.14797970428314,82.32418326848476
network-wide,20,2,8,39,39,0,7.415789740685469,6.803199998103082,289.2157998867333,134.82018099921575,102.62754162600558
network-wide,20,2,9,39,39,0,7.704976919250419,7.4347000336274505,300.49409985076636,129.75877843702654,93.57604214208645
network-wide,20,2,10,39,39,0,9.280833335091861,8.635699981823564,361.9525000685826,107.68854815588351,77.66001068933906
network-wide,50,2,1,99,99,0,8.37565958735091,7.845899905078113,829.19029914774,119.36289151339165,88.54254894459291
network-wide,50,2,2,99,99,0,8.085090912775033,7.4272999772801995,800.4240003647283,123.65867806547404,83.92239830832361
network-wide,50,2,3,99,99,0,7.592134349367986,6.981400074437261,751.6213005874306,131.68585023510693,97.68363259232996
network-wide,50,2,4,99,99,0,7.734472726970309,7.0393000496551394,765.7127999700606,129.26305304143983,93.84628219548978
network-wide,50,2,5,99,99,0,7.686669706611546,7.55620002746582,760.980300954543,130.06537296503996,98.5343734583636
network-wide,50,2,6,99,99,0,7.929280805965942,7.343699922785163,784.9987997906283,126.08557773676873,95.51937707330964
network-wide,50,2,7,99,99,0,8.189111110763719,7.633100030943751,810.7219999656081,122.08643496909262,94.41659270021367
network-wide,50,2,8,99,99,0,7.831250505540708,7.03169999178499,775.2938000485301,127.66334427407813,88.65510019033204
network-wide,50,2,9,99,99,0,7.97415252732621,7.557899923995137,789.4411002052948,125.37731923858597,94.98281760498936
network-wide,50,2,10,99,99,0,8.161080802433343,7.4764000019058585,807.946999440901,122.50593690142564,88.9405476241411
network-wide,100,2,1,199,199,0,7.733438192660822,7.4099000776186585,1538.9542003395036,129.2741425820456,95.41276227003995
network-wide,100,2,2,199,199,0,8.039962815064657,7.671099971048534,1599.9526001978666,124.34477644562944,96.6561940021774
network-wide,100,2,3,199,199,0,8.194870859543657,7.479800027795136,1630.7793010491878,121.99242690873093,87.16481508083005
network-wide,100,2,4,199,199,0,7.638149245422165,7.367499987594783,1519.9916998390108,130.88477515349487,90.43546021912334
network-wide,100,2,5,199,199,0,7.86205125392307,7.356900023296475,1564.548199530691,127.13720679212574,92.8373133767878
network-wide,100,2,6,199,199,0,7.889320604718435,7.537400000728667,1569.9748003389686,126.7212680367038,89.54863476211796
network-wide,100,2,7,199,199,0,7.732728645369298,7.312800036743283,1538.8130004284903,129.28749661265442,92.37721570156684
network-wide,100,2,8,199,199,0,8.488397490134902,7.970499922521412,1689.1911005368456,117.7778712918853,89.70205335515762
network-wide,100,2,9,199,199,0,7.910945229279111,7.582599995657802,1574.2781006265432,126.37696113728235,94.26673451666005
network-wide,100,2,10,199,199,0,7.711621609179481,7.192900055088103,1534.6127002267167,129.64225967786837,99.75613574459094
